TimeStamp,empatica.acc.x,empatica.acc.y,empatica.acc.z,empatica.hr,empatica.bvp,empatica.eda,empatica.temp
2021-06-25 12:16:16.000000000,-41.0,-7.0,50.0,72.0,12.6,11.540195,32.21
2021-06-25 12:16:16.007812500,-41.0,-7.0,50.0,72.0,13.945,11.540675406250001,32.2090625
2021-06-25 12:16:16.015625000,-41.0,-7.0,50.0,72.0,15.29,11.541155812500001,32.208125
2021-06-25 12:16:16.023437500,-41.0,-7.0,50.0,72.0,16.225,11.54163621875,32.2071875
2021-06-25 12:16:16.031250000,-41.0,-7.0,50.0,72.0,17.16,11.542116625,32.20625
2021-06-25 12:16:16.039062500,-40.75,-7.0,50.0,72.0,17.79,11.54259703125,32.2053125
2021-06-25 12:16:16.046875000,-40.5,-7.0,50.0,72.0,18.42,11.543077437500001,32.204375
2021-06-25 12:16:16.054687500,-40.25,-7.0,50.0,72.0,18.775,11.54355784375,32.2034375
2021-06-25 12:16:16.062500000,-40.0,-7.0,50.0,72.0,19.13,11.54403825,32.2025
2021-06-25 12:16:16.070312500,-40.25,-7.0,49.75,72.0,19.189999999999998,11.54451865625,32.2015625
2021-06-25 12:16:16.078125000,-40.5,-7.0,49.5,72.0,19.25,11.5449990625,32.200625
2021-06-25 12:16:16.085937500,-40.75,-7.0,49.25,72.0,19.055,11.54547946875,32.1996875
2021-06-25 12:16:16.093750000,-41.0,-7.0,49.0,72.0,18.86,11.545959875,32.198750000000004
2021-06-25 12:16:16.101562500,-41.0,-7.0,49.0,72.0,18.509999999999998,11.54644028125,32.1978125
2021-06-25 12:16:16.109375000,-41.0,-7.0,49.0,72.0,18.16,11.5469206875,32.196875
2021-06-25 12:16:16.117187500,-41.0,-7.0,49.0,72.0,17.814999999999998,11.54740109375,32.1959375
2021-06-25 12:16:16.125000000,-41.0,-7.0,49.0,72.0,17.47,11.547881499999999,32.195
2021-06-25 12:16:16.132812500,-41.0,-6.75,49.25,72.0,17.285,11.54836190625,32.1940625
2021-06-25 12:16:16.140625000,-41.0,-6.5,49.5,72.0,17.1,11.5488423125,32.193125
2021-06-25 12:16:16.148437500,-41.0,-6.25,49.75,72.0,17.155,11.54932271875,32.1921875
2021-06-25 12:16:16.156250000,-41.0,-6.0,50.0,72.0,17.21,11.549803125,32.19125
2021-06-25 12:16:16.164062500,-40.75,-6.0,50.0,72.0,17.445,11.550283531249999,32.1903125
2021-06-25 12:16:16.171875000,-40.5,-6.0,50.0,72.0,17.68,11.5507639375,32.189375
2021-06-25 12:16:16.179687500,-40.25,-6.0,50.0,72.0,17.955,11.55124434375,32.1884375
2021-06-25 12:16:16.187500000,-40.0,-6.0,50.0,72.0,18.23,11.55172475,32.1875
2021-06-25 12:16:16.195312500,-40.0,-6.25,50.0,72.0,18.36,11.55220515625,32.1865625
2021-06-25 12:16:16.203125000,-40.0,-6.5,50.0,72.0,18.49,11.552685562499999,32.185625
2021-06-25 12:16:16.210937500,-40.0,-6.75,50.0,72.0,18.35,11.55316596875,32.1846875
2021-06-25 12:16:16.218750000,-40.0,-7.0,50.0,72.0,18.21,11.553646375,32.18375
2021-06-25 12:16:16.226562500,-40.25,-7.0,50.0,72.0,17.75,11.55412678125,32.1828125
2021-06-25 12:16:16.234375000,-40.5,-7.0,50.0,72.0,17.29,11.554607187499998,32.181875
2021-06-25 12:16:16.242187500,-40.75,-7.0,50.0,72.0,16.545,11.555087593749999,32.1809375
2021-06-25 12:16:16.250000000,-41.0,-7.0,50.0,72.0,15.8,11.555568,32.18
2021-06-25 12:16:16.257812500,-41.0,-7.0,50.0,72.0,14.84,11.556168499999998,32.18
2021-06-25 12:16:16.265625000,-41.0,-7.0,50.0,72.0,13.88,11.556769,32.18
2021-06-25 12:16:16.273437500,-41.0,-7.0,50.0,72.0,12.780000000000001,11.5573695,32.18
2021-06-25 12:16:16.281250000,-41.0,-7.0,50.0,72.0,11.68,11.55797,32.18
2021-06-25 12:16:16.289062500,-41.0,-7.0,50.0,72.0,10.52,11.558570499999998,32.18
2021-06-25 12:16:16.296875000,-41.0,-7.0,50.0,72.0,9.36,11.559171,32.18
2021-06-25 12:16:16.304687500,-41.0,-7.0,50.0,72.0,8.2,11.5597715,32.18
2021-06-25 12:16:16.312500000,-41.0,-7.0,50.0,72.0,7.04,11.560372,32.18
2021-06-25 12:16:16.320312500,-40.75,-7.0,50.0,72.0,5.9350000000000005,11.560972499999998,32.18
2021-06-25 12:16:16.328125000,-40.5,-7.0,50.0,72.0,4.83,11.561573,32.18
2021-06-25 12:16:16.335937500,-40.25,-7.0,50.0,72.0,3.795,11.5621735,32.18
2021-06-25 12:16:16.343750000,-40.0,-7.0,50.0,72.0,2.76,11.562774,32.18
2021-06-25 12:16:16.351562500,-40.25,-7.0,50.0,72.0,1.765,11.563374499999998,32.18
2021-06-25 12:16:16.359375000,-40.5,-7.0,50.0,72.0,0.77,11.563975,32.18
2021-06-25 12:16:16.367187500,-40.75,-7.0,50.0,72.0,-0.30499999999999994,11.5645755,32.18
2021-06-25 12:16:16.375000000,-41.0,-7.0,50.0,72.0,-1.38,11.565176,32.18
2021-06-25 12:16:16.382812500,-41.0,-6.75,50.0,72.0,-2.6999999999999997,11.565776499999998,32.18
2021-06-25 12:16:16.390625000,-41.0,-6.5,50.0,72.0,-4.02,11.566377,32.18
2021-06-25 12:16:16.398437500,-41.0,-6.25,50.0,72.0,-5.77,11.5669775,32.18
2021-06-25 12:16:16.406250000,-41.0,-6.0,50.0,72.0,-7.52,11.567578,32.18
2021-06-25 12:16:16.414062500,-40.75,-6.25,50.0,72.0,-9.79,11.568178499999998,32.18
2021-06-25 12:16:16.421875000,-40.5,-6.5,50.0,72.0,-12.06,11.568779,32.18
2021-06-25 12:16:16.429687500,-40.25,-6.75,50.0,72.0,-14.815000000000001,11.5693795,32.18
2021-06-25 12:16:16.437500000,-40.0,-7.0,50.0,72.0,-17.57,11.56998,32.18
2021-06-25 12:16:16.445312500,-40.0,-7.0,50.0,72.0,-20.555,11.570580499999998,32.18
2021-06-25 12:16:16.453125000,-40.0,-7.0,50.0,72.0,-23.54,11.571181,32.18
2021-06-25 12:16:16.460937500,-40.0,-7.0,50.0,72.0,-26.33,11.5717815,32.18
2021-06-25 12:16:16.468750000,-40.0,-7.0,50.0,72.0,-29.12,11.572382,32.18
2021-06-25 12:16:16.476562500,-40.0,-7.0,50.0,72.0,-31.17,11.572982499999998,32.18
2021-06-25 12:16:16.484375000,-40.0,-7.0,50.0,72.0,-33.22,11.573583,32.18
2021-06-25 12:16:16.492187500,-40.0,-7.0,50.0,72.0,-34.045,11.5741835,32.18
2021-06-25 12:16:16.500000000,-40.0,-7.0,50.0,72.0,-34.87,11.574784,32.18
2021-06-25 12:16:16.507812500,-40.25,-7.0,50.0,72.0,-34.16,11.5753044375,32.18
2021-06-25 12:16:16.515625000,-40.5,-7.0,50.0,72.0,-33.45,11.575824874999999,32.18
2021-06-25 12:16:16.523437500,-40.75,-7.0,50.0,72.0,-31.225,11.576345312499999,32.18
2021-06-25 12:16:16.531250000,-41.0,-7.0,50.0,72.0,-29.0,11.57686575,32.18
2021-06-25 12:16:16.539062500,-41.0,-7.0,50.0,72.0,-25.555,11.5773861875,32.18
2021-06-25 12:16:16.546875000,-41.0,-7.0,50.0,72.0,-22.11,11.577906624999999,32.18
2021-06-25 12:16:16.554687500,-41.0,-7.0,50.0,72.0,-17.99,11.5784270625,32.18
2021-06-25 12:16:16.562500000,-41.0,-7.0,50.0,72.0,-13.87,11.5789475,32.18
2021-06-25 12:16:16.570312500,-40.75,-7.0,50.0,72.0,-9.649999999999999,11.579467937499999,32.18
2021-06-25 12:16:16.578125000,-40.5,-7.0,50.0,72.0,-5.43,11.579988375,32.18
2021-06-25 12:16:16.585937500,-40.25,-7.0,50.0,72.0,-1.5599999999999996,11.5805088125,32.18
2021-06-25 12:16:16.593750000,-40.0,-7.0,50.0,72.0,2.31,11.58102925,32.18
2021-06-25 12:16:16.601562500,-40.0,-7.0,50.0,72.0,5.58,11.581549687499999,32.18
2021-06-25 12:16:16.609375000,-40.0,-7.0,50.0,72.0,8.85,11.582070125,32.18
2021-06-25 12:16:16.617187500,-40.0,-7.0,50.0,72.0,11.45,11.5825905625,32.18
2021-06-25 12:16:16.625000000,-40.0,-7.0,50.0,72.0,14.05,11.583110999999999,32.18
2021-06-25 12:16:16.632812500,-40.25,-7.0,50.0,72.0,16.04,11.5836314375,32.18
2021-06-25 12:16:16.640625000,-40.5,-7.0,50.0,72.0,18.03,11.584151875,32.18
2021-06-25 12:16:16.648437500,-40.75,-7.0,50.0,72.0,19.46,11.5846723125,32.18
2021-06-25 12:16:16.656250000,-41.0,-7.0,50.0,72.0,20.89,11.58519275,32.18
2021-06-25 12:16:16.664062500,-40.75,-7.0,50.0,72.0,21.795,11.5857131875,32.18
2021-06-25 12:16:16.671875000,-40.5,-7.0,50.0,72.0,22.7,11.586233625,32.18
2021-06-25 12:16:16.679687500,-40.25,-7.0,50.0,72.0,23.115000000000002,11.5867540625,32.18
2021-06-25 12:16:16.687500000,-40.0,-7.0,50.0,72.0,23.53,11.5872745,32.18
2021-06-25 12:16:16.695312500,-40.0,-7.0,50.0,72.0,23.525,11.5877949375,32.18
2021-06-25 12:16:16.703125000,-40.0,-7.0,50.0,72.0,23.52,11.588315375,32.18
2021-06-25 12:16:16.710937500,-40.0,-7.0,50.0,72.0,23.244999999999997,11.5888358125,32.18
2021-06-25 12:16:16.718750000,-40.0,-7.0,50.0,72.0,22.97,11.58935625,32.18
2021-06-25 12:16:16.726562500,-40.0,-7.0,50.0,72.0,22.64,11.5898766875,32.18
2021-06-25 12:16:16.734375000,-40.0,-7.0,50.0,72.0,22.31,11.590397125,32.18
2021-06-25 12:16:16.742187500,-40.0,-7.0,50.0,72.0,22.119999999999997,11.5909175625,32.18
2021-06-25 12:16:16.750000000,-40.0,-7.0,50.0,72.0,21.93,11.591438,32.18
2021-06-25 12:16:16.757812500,-40.0,-7.0,50.0,72.0,21.990000000000002,11.592038531250001,32.18
2021-06-25 12:16:16.765625000,-40.0,-7.0,50.0,72.0,22.05,11.5926390625,32.18
2021-06-25 12:16:16.773437500,-40.0,-7.0,50.0,72.0,22.35,11.59323959375,32.18
2021-06-25 12:16:16.781250000,-40.0,-7.0,50.0,72.0,22.65,11.593840125,32.18
2021-06-25 12:16:16.789062500,-40.0,-7.0,50.0,72.0,23.06,11.59444065625,32.18
2021-06-25 12:16:16.796875000,-40.0,-7.0,50.0,72.0,23.47,11.5950411875,32.18
2021-06-25 12:16:16.804687500,-40.0,-7.0,50.0,72.0,23.82,11.59564171875,32.18
2021-06-25 12:16:16.812500000,-40.0,-7.0,50.0,72.0,24.17,11.59624225,32.18
2021-06-25 12:16:16.820312500,-40.0,-7.0,50.0,72.0,24.32,11.59684278125,32.18
2021-06-25 12:16:16.828125000,-40.0,-7.0,50.0,72.0,24.47,11.5974433125,32.18
2021-06-25 12:16:16.835937500,-40.0,-7.0,50.0,72.0,24.345,11.59804384375,32.18
2021-06-25 12:16:16.843750000,-40.0,-7.0,50.0,72.0,24.22,11.598644375,32.18
2021-06-25 12:16:16.851562500,-40.25,-7.0,50.0,72.0,23.81,11.59924490625,32.18
2021-06-25 12:16:16.859375000,-40.5,-7.0,50.0,72.0,23.4,11.599845437499999,32.18
2021-06-25 12:16:16.867187500,-40.75,-7.0,50.0,72.0,22.72,11.60044596875,32.18
2021-06-25 12:16:16.875000000,-41.0,-7.0,50.0,72.0,22.04,11.601046499999999,32.18
2021-06-25 12:16:16.882812500,-40.75,-7.0,50.0,72.0,21.095,11.60164703125,32.18
2021-06-25 12:16:16.890625000,-40.5,-7.0,50.0,72.0,20.15,11.6022475625,32.18
2021-06-25 12:16:16.898437500,-40.25,-7.0,50.0,72.0,18.945,11.60284809375,32.18
2021-06-25 12:16:16.906250000,-40.0,-7.0,50.0,72.0,17.74,11.603448625,32.18
2021-06-25 12:16:16.914062500,-40.0,-7.0,50.0,72.0,16.32,11.60404915625,32.18
2021-06-25 12:16:16.921875000,-40.0,-7.0,50.0,72.0,14.9,11.6046496875,32.18
2021-06-25 12:16:16.929687500,-40.0,-7.0,50.0,72.0,13.34,11.60525021875,32.18
2021-06-25 12:16:16.937500000,-40.0,-7.0,50.0,72.0,11.78,11.60585075,32.18
2021-06-25 12:16:16.945312500,-40.0,-7.0,50.0,72.0,10.195,11.60645128125,32.18
2021-06-25 12:16:16.953125000,-40.0,-7.0,50.0,72.0,8.61,11.6070518125,32.18
2021-06-25 12:16:16.960937500,-40.0,-7.0,50.0,72.0,7.125,11.607652343749999,32.18
2021-06-25 12:16:16.968750000,-40.0,-7.0,50.0,72.0,5.64,11.608252875,32.18
2021-06-25 12:16:16.976562500,-40.25,-7.0,50.0,72.0,4.3149999999999995,11.608853406249999,32.18
2021-06-25 12:16:16.984375000,-40.5,-7.0,50.0,72.0,2.99,11.6094539375,32.18
2021-06-25 12:16:16.992187500,-40.75,-7.0,50.0,72.0,1.7750000000000001,11.610054468749999,32.18
2021-06-25 12:16:17.000000000,-41.0,-7.0,50.0,72.0,0.56,11.610655,32.18
2021-06-25 12:16:17.007812500,-41.0,-7.0,50.0,72.005234375,-0.665,11.61113540625,32.1809375
2021-06-25 12:16:17.015625000,-41.0,-7.0,50.0,72.01046875,-1.89,11.6116158125,32.181875
2021-06-25 12:16:17.023437500,-41.0,-7.0,50.0,72.015703125,-3.3049999999999997,11.612096218749999,32.1828125
2021-06-25 12:16:17.031250000,-41.0,-7.0,50.0,72.0209375,-4.72,11.612576624999999,32.18375
2021-06-25 12:16:17.039062500,-40.75,-7.0,50.0,72.026171875,-6.48,11.61305703125,32.1846875
2021-06-25 12:16:17.046875000,-40.5,-7.0,50.0,72.03140625,-8.24,11.6135374375,32.185625
2021-06-25 12:16:17.054687500,-40.25,-7.0,50.0,72.036640625,-10.375,11.61401784375,32.1865625
2021-06-25 12:16:17.062500000,-40.0,-7.0,50.0,72.041875,-12.51,11.61449825,32.1875
2021-06-25 12:16:17.070312500,-40.0,-7.0,50.0,72.047109375,-14.925,11.614978656249999,32.1884375
2021-06-25 12:16:17.078125000,-40.0,-7.0,50.0,72.05234375,-17.34,11.6154590625,32.189375
2021-06-25 12:16:17.085937500,-40.0,-7.0,50.0,72.057578125,-19.795,11.61593946875,32.1903125
2021-06-25 12:16:17.093750000,-40.0,-7.0,50.0,72.0628125,-22.25,11.616419875,32.19125
2021-06-25 12:16:17.101562500,-40.0,-7.0,50.0,72.068046875,-24.4,11.61690028125,32.1921875
2021-06-25 12:16:17.109375000,-40.0,-7.0,50.0,72.07328125,-26.55,11.617380687499999,32.193125
2021-06-25 12:16:17.117187500,-40.0,-7.0,50.0,72.078515625,-28.025,11.61786109375,32.1940625
2021-06-25 12:16:17.125000000,-40.0,-7.0,50.0,72.08375,-29.5,11.6183415,32.195
2021-06-25 12:16:17.132812500,-40.25,-7.0,50.0,72.088984375,-29.97,11.61882190625,32.1959375
2021-06-25 12:16:17.140625000,-40.5,-7.0,50.0,72.09421875,-30.44,11.6193023125,32.196875
2021-06-25 12:16:17.148437500,-40.75,-7.0,50.0,72.099453125,-29.740000000000002,11.619782718749999,32.1978125
2021-06-25 12:16:17.156250000,-41.0,-7.0,50.0,72.1046875,-29.04,11.620263125,32.198750000000004
2021-06-25 12:16:17.164062500,-40.75,-7.0,50.0,72.109921875,-27.18,11.62074353125,32.1996875
2021-06-25 12:16:17.171875000,-40.5,-7.0,50.0,72.11515625,-25.32,11.6212239375,32.200625
2021-06-25 12:16:17.179687500,-40.25,-7.0,50.0,72.120390625,-22.54,11.62170434375,32.2015625
2021-06-25 12:16:17.187500000,-40.0,-7.0,50.0,72.125625,-19.76,11.622184749999999,32.2025
2021-06-25 12:16:17.195312500,-40.0,-7.0,50.0,72.130859375,-16.44,11.62266515625,32.2034375
2021-06-25 12:16:17.203125000,-40.0,-7.0,50.0,72.13609375,-13.12,11.6231455625,32.204375
2021-06-25 12:16:17.210937500,-40.0,-7.0,50.0,72.141328125,-9.684999999999999,11.62362596875,32.2053125
2021-06-25 12:16:17.218750000,-40.0,-7.0,50.0,72.1465625,-6.25,11.624106375,32.20625
2021-06-25 12:16:17.226562500,-40.0,-7.0,50.0,72.151796875,-3.06,11.62458678125,32.2071875
2021-06-25 12:16:17.234375000,-40.0,-7.0,50.0,72.15703125,0.13,11.6250671875,32.208125
2021-06-25 12:16:17.242187500,-40.0,-7.0,50.0,72.162265625,2.85,11.62554759375,32.2090625
2021-06-25 12:16:17.250000000,-40.0,-7.0,50.0,72.1675,5.57,11.626028,32.21
2021-06-25 12:16:17.257812500,-40.0,-7.0,50.0,72.172734375,7.75,11.626668562499999,32.21
2021-06-25 12:16:17.265625000,-40.0,-7.0,50.0,72.17796875,9.93,11.627309125,32.21
2021-06-25 12:16:17.273437500,-40.0,-7.0,50.0,72.183203125,11.594999999999999,11.6279496875,32.21
2021-06-25 12:16:17.281250000,-40.0,-7.0,50.0,72.1884375,13.26,11.62859025,32.21
2021-06-25 12:16:17.289062500,-40.25,-7.0,50.0,72.193671875,14.46,11.6292308125,32.21
2021-06-25 12:16:17.296875000,-40.5,-7.0,50.0,72.19890625000001,15.66,11.629871375,32.21
2021-06-25 12:16:17.304687500,-40.75,-7.0,50.0,72.204140625,16.42,11.6305119375,32.21
2021-06-25 12:16:17.312500000,-41.0,-7.0,50.0,72.209375,17.18,11.631152499999999,32.21
2021-06-25 12:16:17.320312500,-40.75,-7.0,50.0,72.214609375,17.505,11.6317930625,32.21
2021-06-25 12:16:17.328125000,-40.5,-7.0,50.0,72.21984375,17.83,11.632433624999999,32.21
2021-06-25 12:16:17.335937500,-40.25,-7.0,50.0,72.225078125,17.759999999999998,11.6330741875,32.21
2021-06-25 12:16:17.343750000,-40.0,-7.0,50.0,72.2303125,17.69,11.63371475,32.21
2021-06-25 12:16:17.351562500,-40.25,-7.0,50.0,72.235546875,17.345,11.6343553125,32.21
2021-06-25 12:16:17.359375000,-40.5,-7.0,50.0,72.24078125,17.0,11.634995875,32.21
2021-06-25 12:16:17.367187500,-40.75,-7.0,50.0,72.246015625,16.560000000000002,11.6356364375,32.21
2021-06-25 12:16:17.375000000,-41.0,-7.0,50.0,72.25125,16.12,11.636277,32.21
2021-06-25 12:16:17.382812500,-41.0,-7.0,50.0,72.256484375,15.775,11.636917562499999,32.21
2021-06-25 12:16:17.390625000,-41.0,-7.0,50.0,72.26171875,15.43,11.637558125,32.21
2021-06-25 12:16:17.398437500,-41.0,-7.0,50.0,72.266953125,15.315,11.6381986875,32.21
2021-06-25 12:16:17.406250000,-41.0,-7.0,50.0,72.2721875,15.2,11.63883925,32.21
2021-06-25 12:16:17.414062500,-40.75,-7.0,50.0,72.277421875,15.3,11.6394798125,32.21
2021-06-25 12:16:17.421875000,-40.5,-7.0,50.0,72.28265625,15.4,11.640120375,32.21
2021-06-25 12:16:17.429687500,-40.25,-7.0,50.0,72.287890625,15.585,11.6407609375,32.21
2021-06-25 12:16:17.437500000,-40.0,-7.0,50.0,72.293125,15.77,11.6414015,32.21
2021-06-25 12:16:17.445312500,-40.0,-7.0,50.0,72.298359375,15.855,11.6420420625,32.21
2021-06-25 12:16:17.453125000,-40.0,-7.0,50.0,72.30359375,15.94,11.642682624999999,32.21
2021-06-25 12:16:17.460937500,-40.0,-7.0,50.0,72.308828125,15.805,11.6433231875,32.21
2021-06-25 12:16:17.468750000,-40.0,-7.0,50.0,72.3140625,15.67,11.64396375,32.21
2021-06-25 12:16:17.476562500,-40.25,-7.0,50.0,72.319296875,15.29,11.6446043125,32.21
2021-06-25 12:16:17.484375000,-40.5,-7.0,50.0,72.32453125,14.91,11.645244875,32.21
2021-06-25 12:16:17.492187500,-40.75,-7.0,50.0,72.32976562500001,14.35,11.6458854375,32.21
2021-06-25 12:16:17.500000000,-41.0,-7.0,50.0,72.33500000000001,13.79,11.646526,32.21
2021-06-25 12:16:17.507812500,-41.0,-7.0,50.0,72.340234375,13.155,11.64684628125,32.21
2021-06-25 12:16:17.515625000,-41.0,-7.0,50.0,72.34546875,12.52,11.647166562499999,32.21
2021-06-25 12:16:17.523437500,-41.0,-7.0,50.0,72.350703125,11.89,11.64748684375,32.21
2021-06-25 12:16:17.531250000,-41.0,-7.0,50.0,72.3559375,11.26,11.647807125,32.21
2021-06-25 12:16:17.539062500,-40.75,-7.0,50.0,72.361171875,10.615,11.64812740625,32.21
2021-06-25 12:16:17.546875000,-40.5,-7.0,50.0,72.36640625,9.97,11.6484476875,32.21
2021-06-25 12:16:17.554687500,-40.25,-7.0,50.0,72.371640625,9.260000000000002,11.64876796875,32.21
2021-06-25 12:16:17.562500000,-40.0,-7.0,50.0,72.376875,8.55,11.64908825,32.21
2021-06-25 12:16:17.570312500,-40.0,-7.0,50.0,72.382109375,7.6850000000000005,11.64940853125,32.21
2021-06-25 12:16:17.578125000,-40.0,-7.0,50.0,72.38734375,6.82,11.6497288125,32.21
2021-06-25 12:16:17.585937500,-40.0,-7.0,50.0,72.392578125,5.76,11.650049093749999,32.21
2021-06-25 12:16:17.593750000,-40.0,-7.0,50.0,72.3978125,4.7,11.650369375,32.21
2021-06-25 12:16:17.601562500,-40.25,-7.0,50.0,72.403046875,3.45,11.65068965625,32.21
2021-06-25 12:16:17.609375000,-40.5,-7.0,50.0,72.40828125,2.2,11.6510099375,32.21
2021-06-25 12:16:17.617187500,-40.75,-7.0,50.0,72.413515625,0.8200000000000001,11.65133021875,32.21
2021-06-25 12:16:17.625000000,-41.0,-7.0,50.0,72.41875,-0.56,11.651650499999999,32.21
2021-06-25 12:16:17.632812500,-41.0,-7.0,50.0,72.423984375,-2.015,11.65197078125,32.21
2021-06-25 12:16:17.640625000,-41.0,-7.0,50.0,72.42921875,-3.47,11.6522910625,32.21
2021-06-25 12:16:17.648437500,-41.0,-7.0,50.0,72.434453125,-4.98,11.65261134375,32.21
2021-06-25 12:16:17.656250000,-41.0,-7.0,50.0,72.4396875,-6.49,11.652931624999999,32.21
2021-06-25 12:16:17.664062500,-41.0,-7.0,50.0,72.444921875,-8.094999999999999,11.65325190625,32.21
2021-06-25 12:16:17.671875000,-41.0,-7.0,50.0,72.45015625,-9.7,11.6535721875,32.21
2021-06-25 12:16:17.679687500,-41.0,-7.0,50.0,72.455390625,-11.469999999999999,11.65389246875,32.21
2021-06-25 12:16:17.687500000,-41.0,-7.0,50.0,72.46062500000001,-13.24,11.65421275,32.21
2021-06-25 12:16:17.695312500,-40.75,-7.0,50.0,72.46585937500001,-15.265,11.654533031249999,32.21
2021-06-25 12:16:17.703125000,-40.5,-7.0,50.0,72.47109375,-17.29,11.6548533125,32.21
2021-06-25 12:16:17.710937500,-40.25,-7.0,50.0,72.476328125,-19.535,11.65517359375,32.21
2021-06-25 12:16:17.718750000,-40.0,-7.0,50.0,72.4815625,-21.78,11.655493875,32.21
2021-06-25 12:16:17.726562500,-40.0,-7.0,50.0,72.486796875,-24.09,11.655814156249999,32.21
2021-06-25 12:16:17.734375000,-40.0,-7.0,50.0,72.49203125,-26.4,11.6561344375,32.21
2021-06-25 12:16:17.742187500,-40.0,-7.0,50.0,72.497265625,-28.439999999999998,11.65645471875,32.21
2021-06-25 12:16:17.750000000,-40.0,-7.0,50.0,72.5025,-30.48,11.656775,32.21
2021-06-25 12:16:17.757812500,-40.0,-7.0,50.0,72.507734375,-31.835,11.656975156249999,32.21
2021-06-25 12:16:17.765625000,-40.0,-7.0,50.0,72.51296875,-33.19,11.6571753125,32.21
2021-06-25 12:16:17.773437500,-40.0,-7.0,50.0,72.518203125,-33.495,11.65737546875,32.21
2021-06-25 12:16:17.781250000,-40.0,-7.0,50.0,72.5234375,-33.8,11.657575625,32.21
2021-06-25 12:16:17.789062500,-40.25,-6.75,50.0,72.528671875,-32.885,11.657775781249999,32.21
2021-06-25 12:16:17.796875000,-40.5,-6.5,50.0,72.53390625,-31.97,11.6579759375,32.21
2021-06-25 12:16:17.804687500,-40.75,-6.25,50.0,72.539140625,-29.91,11.65817609375,32.21
2021-06-25 12:16:17.812500000,-41.0,-6.0,50.0,72.544375,-27.85,11.65837625,32.21
2021-06-25 12:16:17.820312500,-40.75,-6.0,50.0,72.549609375,-24.965,11.658576406249999,32.21
2021-06-25 12:16:17.828125000,-40.5,-6.0,50.0,72.55484375,-22.08,11.6587765625,32.21
2021-06-25 12:16:17.835937500,-40.25,-6.0,50.0,72.560078125,-18.785,11.65897671875,32.21
2021-06-25 12:16:17.843750000,-40.0,-6.0,50.0,72.5653125,-15.49,11.659176875,32.21
2021-06-25 12:16:17.851562500,-40.25,-6.25,50.0,72.570546875,-12.190000000000001,11.65937703125,32.21
2021-06-25 12:16:17.859375000,-40.5,-6.5,50.0,72.57578125,-8.89,11.6595771875,32.21
2021-06-25 12:16:17.867187500,-40.75,-6.75,50.0,72.581015625,-5.865,11.659777343750001,32.21
2021-06-25 12:16:17.875000000,-41.0,-7.0,50.0,72.58625,-2.84,11.6599775,32.21
2021-06-25 12:16:17.882812500,-41.0,-7.0,50.0,72.59148437500001,-0.2549999999999999,11.66017765625,32.21
2021-06-25 12:16:17.890625000,-41.0,-7.0,50.0,72.59671875000001,2.33,11.6603778125,32.21
2021-06-25 12:16:17.898437500,-41.0,-7.0,50.0,72.60195312500001,4.415,11.660577968750001,32.21
2021-06-25 12:16:17.906250000,-41.0,-7.0,50.0,72.6071875,6.5,11.660778125,32.21
2021-06-25 12:16:17.914062500,-41.0,-7.0,50.0,72.612421875,8.07,11.66097828125,32.21
2021-06-25 12:16:17.921875000,-41.0,-7.0,50.0,72.61765625,9.64,11.6611784375,32.21
2021-06-25 12:16:17.929687500,-41.0,-7.0,50.0,72.622890625,10.675,11.661378593750001,32.21
2021-06-25 12:16:17.937500000,-41.0,-7.0,50.0,72.628125,11.71,11.66157875,32.21
2021-06-25 12:16:17.945312500,-40.75,-6.75,50.0,72.633359375,12.225000000000001,11.66177890625,32.21
2021-06-25 12:16:17.953125000,-40.5,-6.5,50.0,72.63859375,12.74,11.6619790625,32.21
2021-06-25 12:16:17.960937500,-40.25,-6.25,50.0,72.643828125,12.79,11.662179218750001,32.21
2021-06-25 12:16:17.968750000,-40.0,-6.0,50.0,72.6490625,12.84,11.662379375,32.21
2021-06-25 12:16:17.976562500,-40.0,-6.25,50.0,72.654296875,12.5,11.66257953125,32.21
2021-06-25 12:16:17.984375000,-40.0,-6.5,50.0,72.65953125,12.16,11.6627796875,32.21
2021-06-25 12:16:17.992187500,-40.0,-6.75,50.0,72.664765625,11.605,11.662979843750001,32.21
2021-06-25 12:16:18.000000000,-40.0,-7.0,50.0,72.67,11.05,11.66318,32.21
2021-06-25 12:16:18.007812500,-40.25,-7.0,50.0,72.6784375,10.475000000000001,11.66362040625,32.2090625
2021-06-25 12:16:18.015625000,-40.5,-7.0,50.0,72.686875,9.9,11.6640608125,32.208125
2021-06-25 12:16:18.023437500,-40.75,-7.0,50.0,72.6953125,9.54,11.66450121875,32.2071875
2021-06-25 12:16:18.031250000,-41.0,-7.0,50.0,72.70375,9.18,11.664941625,32.20625
2021-06-25 12:16:18.039062500,-41.0,-7.0,50.0,72.7121875,9.18,11.665382031250001,32.2053125
2021-06-25 12:16:18.046875000,-41.0,-7.0,50.0,72.720625,9.18,11.665822437500001,32.204375
2021-06-25 12:16:18.054687500,-41.0,-7.0,50.0,72.7290625,9.575,11.666262843750001,32.2034375
2021-06-25 12:16:18.062500000,-41.0,-7.0,50.0,72.7375,9.97,11.666703250000001,32.2025
2021-06-25 12:16:18.070312500,-40.75,-7.0,50.0,72.7459375,10.61,11.66714365625,32.2015625
2021-06-25 12:16:18.078125000,-40.5,-7.0,50.0,72.754375,11.25,11.6675840625,32.200625
2021-06-25 12:16:18.085937500,-40.25,-7.0,50.0,72.7628125,11.855,11.66802446875,32.1996875
2021-06-25 12:16:18.093750000,-40.0,-7.0,50.0,72.77125,12.46,11.668464875,32.198750000000004
2021-06-25 12:16:18.101562500,-40.25,-7.0,50.0,72.77968750000001,12.715,11.66890528125,32.1978125
2021-06-25 12:16:18.109375000,-40.5,-7.0,50.0,72.78812500000001,12.97,11.6693456875,32.196875
2021-06-25 12:16:18.117187500,-40.75,-7.0,50.0,72.79656250000001,12.675,11.66978609375,32.1959375
2021-06-25 12:16:18.125000000,-41.0,-7.0,50.0,72.805,12.38,11.6702265,32.195
2021-06-25 12:16:18.132812500,-41.0,-7.0,50.0,72.8134375,11.52,11.67066690625,32.1940625
2021-06-25 12:16:18.140625000,-41.0,-7.0,50.0,72.821875,10.66,11.6711073125,32.193125
2021-06-25 12:16:18.148437500,-41.0,-7.0,50.0,72.8303125,9.395,11.67154771875,32.1921875
2021-06-25 12:16:18.156250000,-41.0,-7.0,50.0,72.83875,8.13,11.671988125,32.19125
2021-06-25 12:16:18.164062500,-41.0,-7.0,50.0,72.8471875,6.705,11.67242853125,32.1903125
2021-06-25 12:16:18.171875000,-41.0,-7.0,50.0,72.855625,5.28,11.6728689375,32.189375
2021-06-25 12:16:18.179687500,-41.0,-7.0,50.0,72.8640625,3.925,11.67330934375,32.1884375
2021-06-25 12:16:18.187500000,-41.0,-7.0,50.0,72.8725,2.57,11.673749749999999,32.1875
2021-06-25 12:16:18.195312500,-40.75,-7.0,49.75,72.8809375,1.41,11.674190156249999,32.1865625
2021-06-25 12:16:18.203125000,-40.5,-7.0,49.5,72.889375,0.25,11.674630562499999,32.185625
2021-06-25 12:16:18.210937500,-40.25,-7.0,49.25,72.8978125,-0.695,11.67507096875,32.1846875
2021-06-25 12:16:18.218750000,-40.0,-7.0,49.0,72.90625,-1.64,11.675511375,32.18375
2021-06-25 12:16:18.226562500,-40.25,-7.0,49.25,72.9146875,-2.445,11.67595178125,32.1828125
2021-06-25 12:16:18.234375000,-40.5,-7.0,49.5,72.923125,-3.25,11.6763921875,32.181875
2021-06-25 12:16:18.242187500,-40.75,-7.0,49.75,72.9315625,-4.025,11.67683259375,32.1809375
2021-06-25 12:16:18.250000000,-41.0,-7.0,50.0,72.94,-4.8,11.677273,32.18
2021-06-25 12:16:18.257812500,-41.0,-7.0,50.0,72.9484375,-5.675,11.677953562499999,32.18
2021-06-25 12:16:18.265625000,-41.0,-7.0,50.0,72.956875,-6.55,11.678634125,32.18
2021-06-25 12:16:18.273437500,-41.0,-7.0,50.0,72.9653125,-7.664999999999999,11.6793146875,32.18
2021-06-25 12:16:18.281250000,-41.0,-7.0,50.0,72.97375,-8.78,11.67999525,32.18
2021-06-25 12:16:18.289062500,-41.0,-7.0,49.75,72.9821875,-10.245000000000001,11.6806758125,32.18
2021-06-25 12:16:18.296875000,-41.0,-7.0,49.5,72.990625,-11.71,11.681356375,32.18
2021-06-25 12:16:18.304687500,-41.0,-7.0,49.25,72.99906250000001,-13.585,11.6820369375,32.18
2021-06-25 12:16:18.312500000,-41.0,-7.0,49.0,73.00750000000001,-15.46,11.682717499999999,32.18
2021-06-25 12:16:18.320312500,-41.0,-6.75,49.0,73.0159375,-17.695,11.6833980625,32.18
2021-06-25 12:16:18.328125000,-41.0,-6.5,49.0,73.024375,-19.93,11.684078625,32.18
2021-06-25 12:16:18.335937500,-41.0,-6.25,49.0,73.0328125,-22.369999999999997,11.6847591875,32.18
2021-06-25 12:16:18.343750000,-41.0,-6.0,49.0,73.04125,-24.81,11.68543975,32.18
2021-06-25 12:16:18.351562500,-40.75,-6.0,49.25,73.0496875,-27.185,11.6861203125,32.18
2021-06-25 12:16:18.359375000,-40.5,-6.0,49.5,73.058125,-29.56,11.686800875,32.18
2021-06-25 12:16:18.367187500,-40.25,-6.0,49.75,73.0665625,-31.534999999999997,11.6874814375,32.18
2021-06-25 12:16:18.375000000,-40.0,-6.0,50.0,73.075,-33.51,11.688162,32.18
2021-06-25 12:16:18.382812500,-40.25,-6.25,50.0,73.0834375,-34.739999999999995,11.6888425625,32.18
2021-06-25 12:16:18.390625000,-40.5,-6.5,50.0,73.091875,-35.97,11.689523125000001,32.18
2021-06-25 12:16:18.398437500,-40.75,-6.75,50.0,73.1003125,-36.155,11.6902036875,32.18
2021-06-25 12:16:18.406250000,-41.0,-7.0,50.0,73.10875,-36.34,11.69088425,32.18
2021-06-25 12:16:18.414062500,-41.0,-7.0,50.0,73.1171875,-35.32,11.691564812500001,32.18
2021-06-25 12:16:18.421875000,-41.0,-7.0,50.0,73.125625,-34.3,11.692245375,32.18
2021-06-25 12:16:18.429687500,-41.0,-7.0,50.0,73.1340625,-32.11,11.6929259375,32.18
2021-06-25 12:16:18.437500000,-41.0,-7.0,50.0,73.1425,-29.92,11.693606500000001,32.18
2021-06-25 12:16:18.445312500,-41.0,-6.75,50.0,73.1509375,-26.82,11.6942870625,32.18
2021-06-25 12:16:18.453125000,-41.0,-6.5,50.0,73.159375,-23.72,11.694967625,32.18
2021-06-25 12:16:18.460937500,-41.0,-6.25,50.0,73.1678125,-20.14,11.6956481875,32.18
2021-06-25 12:16:18.468750000,-41.0,-6.0,50.0,73.17625,-16.56,11.696328750000001,32.18
2021-06-25 12:16:18.476562500,-40.75,-6.0,49.75,73.1846875,-12.989999999999998,11.6970093125,32.18
2021-06-25 12:16:18.484375000,-40.5,-6.0,49.5,73.193125,-9.42,11.697689875,32.18
2021-06-25 12:16:18.492187500,-40.25,-6.0,49.25,73.2015625,-6.275,11.698370437500001,32.18
2021-06-25 12:16:18.500000000,-40.0,-6.0,49.0,73.21000000000001,-3.13,11.699051,32.18
2021-06-25 12:16:18.507812500,-40.25,-6.25,49.0,73.21843750000001,-0.605,11.699171093750001,32.18
2021-06-25 12:16:18.515625000,-40.5,-6.5,49.0,73.226875,1.92,11.6992911875,32.18
2021-06-25 12:16:18.523437500,-40.75,-6.75,49.0,73.2353125,3.84,11.69941128125,32.18
2021-06-25 12:16:18.531250000,-41.0,-7.0,49.0,73.24375,5.76,11.699531375000001,32.18
2021-06-25 12:16:18.539062500,-41.0,-7.0,49.25,73.2521875,7.2299999999999995,11.69965146875,32.18
2021-06-25 12:16:18.546875000,-41.0,-7.0,49.5,73.260625,8.7,11.6997715625,32.18
2021-06-25 12:16:18.554687500,-41.0,-7.0,49.75,73.2690625,9.87,11.699891656250001,32.18
2021-06-25 12:16:18.562500000,-41.0,-7.0,50.0,73.2775,11.04,11.700011750000002,32.18
2021-06-25 12:16:18.570312500,-40.75,-7.0,50.0,73.2859375,11.98,11.70013184375,32.18
2021-06-25 12:16:18.578125000,-40.5,-7.0,50.0,73.294375,12.92,11.700251937500001,32.18
2021-06-25 12:16:18.585937500,-40.25,-7.0,50.0,73.3028125,13.61,11.700372031250001,32.18
2021-06-25 12:16:18.593750000,-40.0,-7.0,50.0,73.31125,14.3,11.700492125,32.18
2021-06-25 12:16:18.601562500,-40.0,-7.0,50.0,73.3196875,14.685,11.70061221875,32.18
2021-06-25 12:16:18.609375000,-40.0,-7.0,50.0,73.328125,15.07,11.700732312500001,32.18
2021-06-25 12:16:18.617187500,-40.0,-7.0,50.0,73.3365625,15.155000000000001,11.70085240625,32.18
2021-06-25 12:16:18.625000000,-40.0,-7.0,50.0,73.345,15.24,11.7009725,32.18
2021-06-25 12:16:18.632812500,-40.25,-6.75,50.0,73.3534375,15.129999999999999,11.701092593750001,32.18
2021-06-25 12:16:18.640625000,-40.5,-6.5,50.0,73.361875,15.02,11.7012126875,32.18
2021-06-25 12:16:18.648437500,-40.75,-6.25,50.0,73.3703125,14.870000000000001,11.70133278125,32.18
2021-06-25 12:16:18.656250000,-41.0,-6.0,50.0,73.37875,14.72,11.701452875000001,32.18
2021-06-25 12:16:18.664062500,-41.0,-6.25,50.0,73.3871875,14.665,11.70157296875,32.18
2021-06-25 12:16:18.671875000,-41.0,-6.5,50.0,73.395625,14.61,11.7016930625,32.18
2021-06-25 12:16:18.679687500,-41.0,-6.75,50.0,73.4040625,14.71,11.701813156250001,32.18
2021-06-25 12:16:18.687500000,-41.0,-7.0,50.0,73.4125,14.81,11.70193325,32.18
2021-06-25 12:16:18.695312500,-40.75,-6.75,50.0,73.4209375,15.004999999999999,11.70205334375,32.18
2021-06-25 12:16:18.703125000,-40.5,-6.5,50.0,73.42937500000001,15.2,11.7021734375,32.18
2021-06-25 12:16:18.710937500,-40.25,-6.25,50.0,73.4378125,15.41,11.702293531250001,32.18
2021-06-25 12:16:18.718750000,-40.0,-6.0,50.0,73.44625,15.62,11.702413625,32.18
2021-06-25 12:16:18.726562500,-40.0,-6.25,50.0,73.4546875,15.735,11.70253371875,32.18
2021-06-25 12:16:18.734375000,-40.0,-6.5,50.0,73.463125,15.85,11.702653812500001,32.18
2021-06-25 12:16:18.742187500,-40.0,-6.75,50.0,73.4715625,15.855,11.70277390625,32.18
2021-06-25 12:16:18.750000000,-40.0,-7.0,50.0,73.48,15.86,11.702894,32.18
2021-06-25 12:16:18.757812500,-40.25,-7.0,50.0,73.4884375,15.735,11.703494531250001,32.18
2021-06-25 12:16:18.765625000,-40.5,-7.0,50.0,73.496875,15.61,11.7040950625,32.18
2021-06-25 12:16:18.773437500,-40.75,-7.0,50.0,73.5053125,15.364999999999998,11.704695593750001,32.18
2021-06-25 12:16:18.781250000,-41.0,-7.0,50.0,73.51375,15.12,11.705296125,32.18
2021-06-25 12:16:18.789062500,-41.0,-6.75,50.0,73.5221875,14.739999999999998,11.705896656250001,32.18
2021-06-25 12:16:18.796875000,-41.0,-6.5,50.0,73.530625,14.36,11.7064971875,32.18
2021-06-25 12:16:18.804687500,-41.0,-6.25,50.0,73.5390625,13.77,11.707097718750001,32.18
2021-06-25 12:16:18.812500000,-41.0,-6.0,50.0,73.5475,13.18,11.70769825,32.18
2021-06-25 12:16:18.820312500,-40.75,-6.25,50.0,73.5559375,12.33,11.70829878125,32.18
2021-06-25 12:16:18.828125000,-40.5,-6.5,50.0,73.564375,11.48,11.7088993125,32.18
2021-06-25 12:16:18.835937500,-40.25,-6.75,50.0,73.5728125,10.370000000000001,11.70949984375,32.18
2021-06-25 12:16:18.843750000,-40.0,-7.0,50.0,73.58125,9.26,11.710100375,32.18
2021-06-25 12:16:18.851562500,-40.0,-7.0,49.75,73.5896875,7.9350000000000005,11.71070090625,32.18
2021-06-25 12:16:18.859375000,-40.0,-7.0,49.5,73.598125,6.61,11.7113014375,32.18
2021-06-25 12:16:18.867187500,-40.0,-7.0,49.25,73.6065625,5.155,11.71190196875,32.18
2021-06-25 12:16:18.875000000,-40.0,-7.0,49.0,73.615,3.7,11.7125025,32.18
2021-06-25 12:16:18.882812500,-40.25,-6.75,49.0,73.6234375,2.1950000000000003,11.71310303125,32.18
2021-06-25 12:16:18.890625000,-40.5,-6.5,49.0,73.631875,0.69,11.713703562500001,32.18
2021-06-25 12:16:18.898437500,-40.75,-6.25,49.0,73.6403125,-0.8600000000000001,11.71430409375,32.18
2021-06-25 12:16:18.906250000,-41.0,-6.0,49.0,73.64875,-2.41,11.714904625,32.18
2021-06-25 12:16:18.914062500,-40.75,-6.0,49.25,73.6571875,-4.0600000000000005,11.71550515625,32.18
2021-06-25 12:16:18.921875000,-40.5,-6.0,49.5,73.665625,-5.71,11.7161056875,32.18
2021-06-25 12:16:18.929687500,-40.25,-6.0,49.75,73.6740625,-7.550000000000001,11.71670621875,32.18
2021-06-25 12:16:18.937500000,-40.0,-6.0,50.0,73.6825,-9.39,11.71730675,32.18
2021-06-25 12:16:18.945312500,-40.25,-6.25,50.0,73.6909375,-11.455,11.71790728125,32.18
2021-06-25 12:16:18.953125000,-40.5,-6.5,50.0,73.699375,-13.52,11.7185078125,32.18
2021-06-25 12:16:18.960937500,-40.75,-6.75,50.0,73.7078125,-15.74,11.71910834375,32.18
2021-06-25 12:16:18.968750000,-41.0,-7.0,50.0,73.71625,-17.96,11.719708875,32.18
2021-06-25 12:16:18.976562500,-40.75,-7.0,50.0,73.7246875,-20.14,11.72030940625,32.18
2021-06-25 12:16:18.984375000,-40.5,-7.0,50.0,73.733125,-22.32,11.7209099375,32.18
2021-06-25 12:16:18.992187500,-40.25,-7.0,50.0,73.7415625,-24.165,11.72151046875,32.18
2021-06-25 12:16:19.000000000,-40.0,-7.0,50.0,73.75,-26.01,11.722111,32.18
2021-06-25 12:16:19.007812500,-40.0,-7.0,50.0,73.758203125,-27.215000000000003,11.7223511875,32.18
2021-06-25 12:16:19.015625000,-40.0,-7.0,50.0,73.76640625,-28.42,11.722591375,32.18
2021-06-25 12:16:19.023437500,-40.0,-7.0,50.0,73.774609375,-28.725,11.7228315625,32.18
2021-06-25 12:16:19.031250000,-40.0,-7.0,50.0,73.7828125,-29.03,11.723071749999999,32.18
2021-06-25 12:16:19.039062500,-40.25,-7.0,50.0,73.791015625,-28.305,11.7233119375,32.18
2021-06-25 12:16:19.046875000,-40.5,-7.0,50.0,73.79921875,-27.58,11.723552125,32.18
2021-06-25 12:16:19.054687500,-40.75,-7.0,50.0,73.807421875,-25.865,11.7237923125,32.18
2021-06-25 12:16:19.062500000,-41.0,-7.0,50.0,73.815625,-24.15,11.7240325,32.18
2021-06-25 12:16:19.070312500,-41.0,-6.75,50.0,73.823828125,-21.615,11.7242726875,32.18
2021-06-25 12:16:19.078125000,-41.0,-6.5,50.0,73.83203125,-19.08,11.724512875,32.18
2021-06-25 12:16:19.085937500,-41.0,-6.25,50.0,73.840234375,-16.035,11.7247530625,32.18
2021-06-25 12:16:19.093750000,-41.0,-6.0,50.0,73.8484375,-12.99,11.72499325,32.18
2021-06-25 12:16:19.101562500,-41.0,-6.0,50.0,73.856640625,-9.815,11.7252334375,32.18
2021-06-25 12:16:19.109375000,-41.0,-6.0,50.0,73.86484375,-6.64,11.725473625,32.18
2021-06-25 12:16:19.117187500,-41.0,-6.0,50.0,73.873046875,-3.675,11.7257138125,32.18
2021-06-25 12:16:19.125000000,-41.0,-6.0,50.0,73.88125,-0.71,11.725954,32.18
2021-06-25 12:16:19.132812500,-40.75,-6.0,49.75,73.889453125,1.7600000000000002,11.726194187499999,32.18
2021-06-25 12:16:19.140625000,-40.5,-6.0,49.5,73.89765625,4.23,11.726434375,32.18
2021-06-25 12:16:19.148437500,-40.25,-6.0,49.25,73.905859375,6.07,11.7266745625,32.18
2021-06-25 12:16:19.156250000,-40.0,-6.0,49.0,73.9140625,7.91,11.726914749999999,32.18
2021-06-25 12:16:19.164062500,-40.0,-6.0,49.25,73.922265625,9.120000000000001,11.7271549375,32.18
2021-06-25 12:16:19.171875000,-40.0,-6.0,49.5,73.93046875,10.33,11.727395125,32.18
2021-06-25 12:16:19.179687500,-40.0,-6.0,49.75,73.938671875,11.025,11.7276353125,32.18
2021-06-25 12:16:19.187500000,-40.0,-6.0,50.0,73.946875,11.72,11.7278755,32.18
2021-06-25 12:16:19.195312500,-40.0,-6.0,50.0,73.955078125,12.055,11.728115687499999,32.18
2021-06-25 12:16:19.203125000,-40.0,-6.0,50.0,73.96328125,12.39,11.728355875,32.18
2021-06-25 12:16:19.210937500,-40.0,-6.0,50.0,73.971484375,12.525,11.7285960625,32.18
2021-06-25 12:16:19.218750000,-40.0,-6.0,50.0,73.9796875,12.66,11.72883625,32.18
2021-06-25 12:16:19.226562500,-40.25,-6.0,50.0,73.987890625,12.715,11.7290764375,32.18
2021-06-25 12:16:19.234375000,-40.5,-6.0,50.0,73.99609375,12.77,11.729316625,32.18
2021-06-25 12:16:19.242187500,-40.75,-6.0,50.0,74.004296875,12.83,11.7295568125,32.18
2021-06-25 12:16:19.250000000,-41.0,-6.0,50.0,74.0125,12.89,11.729797,32.18
2021-06-25 12:16:19.257812500,-40.75,-6.25,50.0,74.020703125,12.995000000000001,11.7301173125,32.18
2021-06-25 12:16:19.265625000,-40.5,-6.5,50.0,74.02890625,13.1,11.730437625,32.18
2021-06-25 12:16:19.273437500,-40.25,-6.75,50.0,74.037109375,13.26,11.7307579375,32.18
2021-06-25 12:16:19.281250000,-40.0,-7.0,50.0,74.0453125,13.42,11.73107825,32.18
2021-06-25 12:16:19.289062500,-40.25,-7.0,50.0,74.053515625,13.61,11.731398562499999,32.18
2021-06-25 12:16:19.296875000,-40.5,-7.0,50.0,74.06171875,13.8,11.731718875,32.18
2021-06-25 12:16:19.304687500,-40.75,-7.0,50.0,74.069921875,13.965,11.7320391875,32.18
2021-06-25 12:16:19.312500000,-41.0,-7.0,50.0,74.078125,14.13,11.7323595,32.18
2021-06-25 12:16:19.320312500,-40.75,-7.0,50.0,74.086328125,14.215,11.7326798125,32.18
2021-06-25 12:16:19.328125000,-40.5,-7.0,50.0,74.09453125,14.3,11.733000125,32.18
2021-06-25 12:16:19.335937500,-40.25,-7.0,50.0,74.102734375,14.260000000000002,11.7333204375,32.18
2021-06-25 12:16:19.343750000,-40.0,-7.0,50.0,74.1109375,14.22,11.73364075,32.18
2021-06-25 12:16:19.351562500,-40.25,-7.0,50.0,74.119140625,14.035,11.7339610625,32.18
2021-06-25 12:16:19.359375000,-40.5,-7.0,50.0,74.12734375,13.85,11.734281375,32.18
2021-06-25 12:16:19.367187500,-40.75,-7.0,50.0,74.135546875,13.475,11.7346016875,32.18
2021-06-25 12:16:19.375000000,-41.0,-7.0,50.0,74.14375,13.1,11.734922000000001,32.18
2021-06-25 12:16:19.382812500,-41.0,-7.0,50.0,74.151953125,12.51,11.7352423125,32.18
2021-06-25 12:16:19.390625000,-41.0,-7.0,50.0,74.16015625,11.92,11.735562625,32.18
2021-06-25 12:16:19.398437500,-41.0,-7.0,50.0,74.168359375,11.08,11.7358829375,32.18
2021-06-25 12:16:19.406250000,-41.0,-7.0,50.0,74.1765625,10.24,11.73620325,32.18
2021-06-25 12:16:19.414062500,-41.0,-7.0,50.0,74.184765625,9.14,11.7365235625,32.18
2021-06-25 12:16:19.421875000,-41.0,-7.0,50.0,74.19296875,8.04,11.736843875,32.18
2021-06-25 12:16:19.429687500,-41.0,-7.0,50.0,74.201171875,6.72,11.7371641875,32.18
2021-06-25 12:16:19.437500000,-41.0,-7.0,50.0,74.209375,5.4,11.7374845,32.18
2021-06-25 12:16:19.445312500,-40.75,-7.0,50.0,74.217578125,3.95,11.7378048125,32.18
2021-06-25 12:16:19.453125000,-40.5,-7.0,50.0,74.22578125,2.5,11.738125125,32.18
2021-06-25 12:16:19.460937500,-40.25,-7.0,50.0,74.233984375,1.0150000000000001,11.738445437500001,32.18
2021-06-25 12:16:19.468750000,-40.0,-7.0,50.0,74.2421875,-0.47,11.73876575,32.18
2021-06-25 12:16:19.476562500,-40.0,-7.0,50.0,74.250390625,-1.9200000000000002,11.7390860625,32.18
2021-06-25 12:16:19.484375000,-40.0,-7.0,50.0,74.25859375,-3.37,11.739406375,32.18
2021-06-25 12:16:19.492187500,-40.0,-7.0,50.0,74.266796875,-4.77,11.739726687500001,32.18
2021-06-25 12:16:19.500000000,-40.0,-7.0,50.0,74.275,-6.17,11.740047,32.18
2021-06-25 12:16:19.507812500,-40.0,-7.0,49.75,74.283203125,-7.57,11.740127031250001,32.18
2021-06-25 12:16:19.515625000,-40.0,-7.0,49.5,74.29140625,-8.97,11.740207062500001,32.18
2021-06-25 12:16:19.523437500,-40.0,-7.0,49.25,74.299609375,-10.4,11.74028709375,32.18
2021-06-25 12:16:19.531250000,-40.0,-7.0,49.0,74.3078125,-11.83,11.740367125,32.18
2021-06-25 12:16:19.539062500,-40.25,-6.75,49.25,74.31601562499999,-13.32,11.740447156250001,32.18
2021-06-25 12:16:19.546875000,-40.5,-6.5,49.5,74.32421875,-14.81,11.7405271875,32.18
2021-06-25 12:16:19.554687500,-40.75,-6.25,49.75,74.332421875,-16.35,11.74060721875,32.18
2021-06-25 12:16:19.562500000,-41.0,-6.0,50.0,74.340625,-17.89,11.74068725,32.18
2021-06-25 12:16:19.570312500,-41.0,-6.0,50.0,74.348828125,-19.495,11.740767281250001,32.18
2021-06-25 12:16:19.578125000,-41.0,-6.0,50.0,74.35703124999999,-21.1,11.740847312500001,32.18
2021-06-25 12:16:19.585937500,-41.0,-6.0,50.0,74.365234375,-22.770000000000003,11.74092734375,32.18
2021-06-25 12:16:19.593750000,-41.0,-6.0,50.0,74.3734375,-24.44,11.741007375,32.18
2021-06-25 12:16:19.601562500,-40.75,-6.25,50.0,74.381640625,-26.165,11.741087406250001,32.18
2021-06-25 12:16:19.609375000,-40.5,-6.5,50.0,74.38984375,-27.89,11.7411674375,32.18
2021-06-25 12:16:19.617187500,-40.25,-6.75,50.0,74.39804687499999,-29.575000000000003,11.74124746875,32.18
2021-06-25 12:16:19.625000000,-40.0,-7.0,50.0,74.40625,-31.26,11.7413275,32.18
2021-06-25 12:16:19.632812500,-40.0,-7.0,50.0,74.414453125,-32.72,11.741407531250001,32.18
2021-06-25 12:16:19.640625000,-40.0,-7.0,50.0,74.42265625,-34.18,11.741487562500001,32.18
2021-06-25 12:16:19.648437500,-40.0,-7.0,50.0,74.430859375,-35.11,11.74156759375,32.18
2021-06-25 12:16:19.656250000,-40.0,-7.0,50.0,74.43906249999999,-36.04,11.741647625,32.18
2021-06-25 12:16:19.664062500,-40.25,-7.0,50.0,74.447265625,-36.14,11.741727656250001,32.18
2021-06-25 12:16:19.671875000,-40.5,-7.0,50.0,74.45546875,-36.24,11.7418076875,32.18
2021-06-25 12:16:19.679687500,-40.75,-7.0,50.0,74.463671875,-35.290000000000006,11.74188771875,32.18
2021-06-25 12:16:19.687500000,-41.0,-7.0,50.0,74.471875,-34.34,11.74196775,32.18
2021-06-25 12:16:19.695312500,-41.0,-6.75,50.0,74.48007812499999,-32.325,11.742047781250001,32.18
2021-06-25 12:16:19.703125000,-41.0,-6.5,50.0,74.48828125,-30.31,11.742127812500001,32.18
2021-06-25 12:16:19.710937500,-41.0,-6.25,50.0,74.496484375,-27.424999999999997,11.74220784375,32.18
2021-06-25 12:16:19.718750000,-41.0,-6.0,50.0,74.5046875,-24.54,11.742287875,32.18
2021-06-25 12:16:19.726562500,-40.75,-6.25,50.0,74.512890625,-21.145,11.742367906250001,32.18
2021-06-25 12:16:19.734375000,-40.5,-6.5,50.0,74.52109374999999,-17.75,11.7424479375,32.18
2021-06-25 12:16:19.742187500,-40.25,-6.75,50.0,74.529296875,-14.275,11.74252796875,32.18
2021-06-25 12:16:19.750000000,-40.0,-7.0,50.0,74.5375,-10.8,11.742608,32.18
2021-06-25 12:16:19.757812500,-40.0,-7.0,50.0,74.545703125,-7.620000000000001,11.74284821875,32.18
2021-06-25 12:16:19.765625000,-40.0,-7.0,50.0,74.55390625,-4.44,11.7430884375,32.18
2021-06-25 12:16:19.773437500,-40.0,-7.0,50.0,74.56210937499999,-1.7850000000000001,11.74332865625,32.18
2021-06-25 12:16:19.781250000,-40.0,-7.0,50.0,74.5703125,0.87,11.743568875000001,32.18
2021-06-25 12:16:19.789062500,-40.0,-7.0,49.75,74.578515625,2.9050000000000002,11.74380909375,32.18
2021-06-25 12:16:19.796875000,-40.0,-7.0,49.5,74.58671875,4.94,11.7440493125,32.18
2021-06-25 12:16:19.804687500,-40.0,-7.0,49.25,74.594921875,6.395,11.74428953125,32.18
2021-06-25 12:16:19.812500000,-40.0,-7.0,49.0,74.60312499999999,7.85,11.74452975,32.18
2021-06-25 12:16:19.820312500,-40.0,-7.0,49.25,74.611328125,8.82,11.744769968750001,32.18
2021-06-25 12:16:19.828125000,-40.0,-7.0,49.5,74.61953125,9.79,11.7450101875,32.18
2021-06-25 12:16:19.835937500,-40.0,-7.0,49.75,74.627734375,10.385,11.74525040625,32.18
2021-06-25 12:16:19.843750000,-40.0,-7.0,50.0,74.6359375,10.98,11.745490625,32.18
2021-06-25 12:16:19.851562500,-40.0,-7.0,50.0,74.64414062499999,11.315000000000001,11.74573084375,32.18
2021-06-25 12:16:19.859375000,-40.0,-7.0,50.0,74.65234375,11.65,11.7459710625,32.18
2021-06-25 12:16:19.867187500,-40.0,-7.0,50.0,74.660546875,11.79,11.74621128125,32.18
2021-06-25 12:16:19.875000000,-40.0,-7.0,50.0,74.66875,11.93,11.7464515,32.18
2021-06-25 12:16:19.882812500,-40.0,-7.0,50.0,74.676953125,11.96,11.74669171875,32.18
2021-06-25 12:16:19.890625000,-40.0,-7.0,50.0,74.68515624999999,11.99,11.7469319375,32.18
2021-06-25 12:16:19.898437500,-40.0,-7.0,50.0,74.693359375,11.99,11.74717215625,32.18
2021-06-25 12:16:19.906250000,-40.0,-7.0,50.0,74.7015625,11.99,11.747412375,32.18
2021-06-25 12:16:19.914062500,-40.25,-7.0,50.0,74.709765625,12.035,11.74765259375,32.18
2021-06-25 12:16:19.921875000,-40.5,-7.0,50.0,74.71796875,12.08,11.7478928125,32.18
2021-06-25 12:16:19.929687500,-40.75,-7.0,50.0,74.72617187499999,12.219999999999999,11.74813303125,32.18
2021-06-25 12:16:19.937500000,-41.0,-7.0,50.0,74.734375,12.36,11.74837325,32.18
2021-06-25 12:16:19.945312500,-40.75,-6.75,50.0,74.742578125,12.605,11.74861346875,32.18
2021-06-25 12:16:19.953125000,-40.5,-6.5,50.0,74.75078125,12.85,11.7488536875,32.18
2021-06-25 12:16:19.960937500,-40.25,-6.25,50.0,74.758984375,13.135,11.74909390625,32.18
2021-06-25 12:16:19.968750000,-40.0,-6.0,50.0,74.76718749999999,13.42,11.749334124999999,32.18
2021-06-25 12:16:19.976562500,-40.25,-6.25,50.0,74.775390625,13.65,11.74957434375,32.18
2021-06-25 12:16:19.984375000,-40.5,-6.5,50.0,74.78359375,13.88,11.7498145625,32.18
2021-06-25 12:16:19.992187500,-40.75,-6.75,50.0,74.791796875,13.955,11.75005478125,32.18
2021-06-25 12:16:20.000000000,-41.0,-7.0,50.0,74.8,14.03,11.750295,32.18
2021-06-25 12:16:20.007812500,-41.0,-7.0,50.0,74.811953125,13.879999999999999,11.7503750625,32.18
2021-06-25 12:16:20.015625000,-41.0,-7.0,50.0,74.82390625,13.73,11.750455125,32.18
2021-06-25 12:16:20.023437500,-41.0,-7.0,50.0,74.835859375,13.345,11.750535187499999,32.18
2021-06-25 12:16:20.031250000,-41.0,-7.0,50.0,74.8478125,12.96,11.75061525,32.18
2021-06-25 12:16:20.039062500,-40.75,-7.0,50.0,74.859765625,12.4,11.7506953125,32.18
2021-06-25 12:16:20.046875000,-40.5,-7.0,50.0,74.87171875,11.84,11.750775375,32.18
2021-06-25 12:16:20.054687500,-40.25,-7.0,50.0,74.88367187499999,11.215,11.7508554375,32.18
2021-06-25 12:16:20.062500000,-40.0,-7.0,50.0,74.895625,10.59,11.7509355,32.18
2021-06-25 12:16:20.070312500,-40.0,-7.0,50.0,74.907578125,9.985,11.7510155625,32.18
2021-06-25 12:16:20.078125000,-40.0,-7.0,50.0,74.91953124999999,9.38,11.751095625,32.18
2021-06-25 12:16:20.085937500,-40.0,-7.0,50.0,74.931484375,8.81,11.7511756875,32.18
2021-06-25 12:16:20.093750000,-40.0,-7.0,50.0,74.9434375,8.24,11.75125575,32.18
2021-06-25 12:16:20.101562500,-40.0,-7.0,50.0,74.95539062499999,7.645,11.7513358125,32.18
2021-06-25 12:16:20.109375000,-40.0,-7.0,50.0,74.96734375,7.05,11.751415875,32.18
2021-06-25 12:16:20.117187500,-40.0,-7.0,50.0,74.979296875,6.3149999999999995,11.7514959375,32.18
2021-06-25 12:16:20.125000000,-40.0,-7.0,50.0,74.99125,5.58,11.751576,32.18
2021-06-25 12:16:20.132812500,-40.0,-7.0,50.0,75.003203125,4.59,11.7516560625,32.18
2021-06-25 12:16:20.140625000,-40.0,-7.0,50.0,75.01515625,3.6,11.751736125,32.18
2021-06-25 12:16:20.148437500,-40.0,-7.0,50.0,75.027109375,2.31,11.7518161875,32.18
2021-06-25 12:16:20.156250000,-40.0,-7.0,50.0,75.0390625,1.02,11.75189625,32.18
2021-06-25 12:16:20.164062500,-40.25,-7.0,50.0,75.05101562499999,-0.5349999999999999,11.7519763125,32.18
2021-06-25 12:16:20.171875000,-40.5,-7.0,50.0,75.06296875,-2.09,11.752056375,32.18
2021-06-25 12:16:20.179687500,-40.75,-7.0,50.0,75.074921875,-3.8249999999999997,11.7521364375,32.18
2021-06-25 12:16:20.187500000,-41.0,-7.0,50.0,75.08687499999999,-5.56,11.7522165,32.18
2021-06-25 12:16:20.195312500,-41.0,-6.75,50.0,75.098828125,-7.4350000000000005,11.7522965625,32.18
2021-06-25 12:16:20.203125000,-41.0,-6.5,50.0,75.11078125,-9.31,11.752376625,32.18
2021-06-25 12:16:20.210937500,-41.0,-6.25,50.0,75.122734375,-11.32,11.7524566875,32.18
2021-06-25 12:16:20.218750000,-41.0,-6.0,50.0,75.1346875,-13.33,11.75253675,32.18
2021-06-25 12:16:20.226562500,-41.0,-6.25,50.0,75.146640625,-15.52,11.752616812500001,32.18
2021-06-25 12:16:20.234375000,-41.0,-6.5,50.0,75.15859375,-17.71,11.752696875,32.18
2021-06-25 12:16:20.242187500,-41.0,-6.75,50.0,75.170546875,-20.08,11.7527769375,32.18
2021-06-25 12:16:20.250000000,-41.0,-7.0,50.0,75.1825,-22.45,11.752857,32.18
2021-06-25 12:16:20.257812500,-40.75,-7.0,50.0,75.194453125,-24.85,11.75317728125,32.18
2021-06-25 12:16:20.265625000,-40.5,-7.0,50.0,75.20640625,-27.25,11.7534975625,32.18
2021-06-25 12:16:20.273437500,-40.25,-7.0,50.0,75.21835937499999,-29.36,11.753817843750001,32.18
2021-06-25 12:16:20.281250000,-40.0,-7.0,50.0,75.2303125,-31.47,11.754138125,32.18
2021-06-25 12:16:20.289062500,-40.0,-7.0,50.0,75.242265625,-32.870000000000005,11.75445840625,32.18
2021-06-25 12:16:20.296875000,-40.0,-7.0,50.0,75.25421874999999,-34.27,11.7547786875,32.18
2021-06-25 12:16:20.304687500,-40.0,-7.0,50.0,75.266171875,-34.59,11.755098968750001,32.18
2021-06-25 12:16:20.312500000,-40.0,-7.0,50.0,75.278125,-34.91,11.755419250000001,32.18
2021-06-25 12:16:20.320312500,-40.0,-7.0,50.0,75.290078125,-33.959999999999994,11.75573953125,32.18
2021-06-25 12:16:20.328125000,-40.0,-7.0,50.0,75.30203125,-33.01,11.7560598125,32.18
2021-06-25 12:16:20.335937500,-40.0,-7.0,50.0,75.313984375,-30.895,11.75638009375,32.18
2021-06-25 12:16:20.343750000,-40.0,-7.0,50.0,75.3259375,-28.78,11.756700375000001,32.18
2021-06-25 12:16:20.351562500,-40.25,-7.0,50.0,75.337890625,-25.83,11.75702065625,32.18
2021-06-25 12:16:20.359375000,-40.5,-7.0,50.0,75.34984374999999,-22.88,11.7573409375,32.18
2021-06-25 12:16:20.367187500,-40.75,-7.0,50.0,75.361796875,-19.575,11.75766121875,32.18
2021-06-25 12:16:20.375000000,-41.0,-7.0,50.0,75.37375,-16.27,11.7579815,32.18
2021-06-25 12:16:20.382812500,-40.75,-6.75,50.0,75.38570312499999,-13.035,11.758301781250001,32.18
2021-06-25 12:16:20.390625000,-40.5,-6.5,50.0,75.39765625,-9.8,11.7586220625,32.18
2021-06-25 12:16:20.398437500,-40.25,-6.25,50.0,75.409609375,-6.95,11.75894234375,32.18
2021-06-25 12:16:20.406250000,-40.0,-6.0,50.0,75.4215625,-4.1,11.759262625,32.18
2021-06-25 12:16:20.414062500,-40.0,-6.25,50.0,75.433515625,-1.775,11.759582906250001,32.18
2021-06-25 12:16:20.421875000,-40.0,-6.5,50.0,75.44546875,0.55,11.7599031875,32.18
2021-06-25 12:16:20.429687500,-40.0,-6.75,50.0,75.457421875,2.3600000000000003,11.76022346875,32.18
2021-06-25 12:16:20.437500000,-40.0,-7.0,50.0,75.469375,4.17,11.76054375,32.18
2021-06-25 12:16:20.445312500,-40.0,-7.0,50.0,75.481328125,5.555,11.76086403125,32.18
2021-06-25 12:16:20.453125000,-40.0,-7.0,50.0,75.49328125,6.94,11.761184312500001,32.18
2021-06-25 12:16:20.460937500,-40.0,-7.0,50.0,75.505234375,7.99,11.76150459375,32.18
2021-06-25 12:16:20.468750000,-40.0,-7.0,50.0,75.51718749999999,9.04,11.761824875,32.18
2021-06-25 12:16:20.476562500,-40.25,-7.0,50.0,75.529140625,9.844999999999999,11.76214515625,32.18
2021-06-25 12:16:20.484375000,-40.5,-7.0,50.0,75.54109375,10.65,11.762465437500001,32.18
2021-06-25 12:16:20.492187500,-40.75,-7.0,50.0,75.55304687499999,11.265,11.762785718750001,32.18
2021-06-25 12:16:20.500000000,-41.0,-7.0,50.0,75.565,11.88,11.763106,32.18
2021-06-25 12:16:20.507812500,-40.75,-7.0,50.0,75.576953125,12.345,11.763266125000001,32.18
2021-06-25 12:16:20.515625000,-40.5,-7.0,50.0,75.58890625,12.81,11.76342625,32.18
2021-06-25 12:16:20.523437500,-40.25,-7.0,50.0,75.600859375,13.15,11.763586375000001,32.18
2021-06-25 12:16:20.531250000,-40.0,-7.0,50.0,75.6128125,13.49,11.7637465,32.18
2021-06-25 12:16:20.539062500,-40.0,-7.0,50.0,75.624765625,13.754999999999999,11.763906625,32.18
2021-06-25 12:16:20.546875000,-40.0,-7.0,50.0,75.63671875,14.02,11.764066750000001,32.18
2021-06-25 12:16:20.554687500,-40.0,-7.0,50.0,75.64867187499999,14.24,11.764226875,32.18
2021-06-25 12:16:20.562500000,-40.0,-7.0,50.0,75.660625,14.46,11.764387000000001,32.18
2021-06-25 12:16:20.570312500,-40.25,-7.0,50.0,75.672578125,14.665,11.764547125,32.18
2021-06-25 12:16:20.578125000,-40.5,-7.0,50.0,75.68453124999999,14.87,11.76470725,32.18
2021-06-25 12:16:20.585937500,-40.75,-7.0,50.0,75.696484375,15.075,11.764867375000001,32.18
2021-06-25 12:16:20.593750000,-41.0,-7.0,50.0,75.7084375,15.28,11.7650275,32.18
2021-06-25 12:16:20.601562500,-41.0,-7.0,50.0,75.720390625,15.46,11.765187625000001,32.18
2021-06-25 12:16:20.609375000,-41.0,-7.0,50.0,75.73234375,15.64,11.76534775,32.18
2021-06-25 12:16:20.617187500,-41.0,-7.0,50.0,75.744296875,15.75,11.765507875,32.18
2021-06-25 12:16:20.625000000,-41.0,-7.0,50.0,75.75625,15.86,11.765668000000002,32.18
2021-06-25 12:16:20.632812500,-40.75,-7.0,50.0,75.768203125,15.85,11.765828125,32.18
2021-06-25 12:16:20.640625000,-40.5,-7.0,50.0,75.78015625,15.84,11.765988250000001,32.18
2021-06-25 12:16:20.648437500,-40.25,-7.0,50.0,75.792109375,15.67,11.766148375,32.18
2021-06-25 12:16:20.656250000,-40.0,-7.0,50.0,75.8040625,15.5,11.766308500000001,32.18
2021-06-25 12:16:20.664062500,-40.0,-7.0,50.0,75.81601562499999,15.16,11.766468625,32.18
2021-06-25 12:16:20.671875000,-40.0,-7.0,50.0,75.82796875,14.82,11.76662875,32.18
2021-06-25 12:16:20.679687500,-40.0,-7.0,50.0,75.839921875,14.325,11.766788875000001,32.18
2021-06-25 12:16:20.687500000,-40.0,-7.0,50.0,75.85187499999999,13.83,11.766949,32.18
2021-06-25 12:16:20.695312500,-40.0,-7.0,50.0,75.863828125,13.2,11.767109125000001,32.18
2021-06-25 12:16:20.703125000,-40.0,-7.0,50.0,75.87578125,12.57,11.76726925,32.18
2021-06-25 12:16:20.710937500,-40.0,-7.0,50.0,75.887734375,11.81,11.767429375,32.18
2021-06-25 12:16:20.718750000,-40.0,-7.0,50.0,75.8996875,11.05,11.767589500000001,32.18
2021-06-25 12:16:20.726562500,-40.0,-7.0,50.0,75.911640625,10.135000000000002,11.767749625,32.18
2021-06-25 12:16:20.734375000,-40.0,-7.0,50.0,75.92359375,9.22,11.767909750000001,32.18
2021-06-25 12:16:20.742187500,-40.0,-7.0,50.0,75.935546875,8.125,11.768069875,32.18
2021-06-25 12:16:20.750000000,-40.0,-7.0,50.0,75.94749999999999,7.03,11.76823,32.18
2021-06-25 12:16:20.757812500,-40.0,-7.0,50.0,75.959453125,5.755000000000001,11.7685503125,32.18
2021-06-25 12:16:20.765625000,-40.0,-7.0,50.0,75.97140625,4.48,11.768870625000002,32.18
2021-06-25 12:16:20.773437500,-40.0,-7.0,50.0,75.98335937499999,3.06,11.769190937500001,32.18
2021-06-25 12:16:20.781250000,-40.0,-7.0,50.0,75.9953125,1.64,11.76951125,32.18
2021-06-25 12:16:20.789062500,-40.0,-7.0,50.0,76.007265625,0.16999999999999993,11.7698315625,32.18
2021-06-25 12:16:20.796875000,-40.0,-7.0,50.0,76.01921875,-1.3,11.770151875,32.18
2021-06-25 12:16:20.804687500,-40.0,-7.0,50.0,76.031171875,-2.7250000000000005,11.770472187500001,32.18
2021-06-25 12:16:20.812500000,-40.0,-7.0,50.0,76.043125,-4.15,11.7707925,32.18
2021-06-25 12:16:20.820312500,-40.0,-7.0,50.0,76.055078125,-5.46,11.7711128125,32.18
2021-06-25 12:16:20.828125000,-40.0,-7.0,50.0,76.06703125,-6.77,11.771433125000001,32.18
2021-06-25 12:16:20.835937500,-40.0,-7.0,50.0,76.078984375,-7.9799999999999995,11.771753437500001,32.18
2021-06-25 12:16:20.843750000,-40.0,-7.0,50.0,76.0909375,-9.19,11.77207375,32.18
2021-06-25 12:16:20.851562500,-40.0,-7.0,50.0,76.102890625,-10.395,11.7723940625,32.18
2021-06-25 12:16:20.859375000,-40.0,-7.0,50.0,76.11484374999999,-11.6,11.772714375,32.18
2021-06-25 12:16:20.867187500,-40.0,-7.0,50.0,76.126796875,-12.955,11.773034687500001,32.18
2021-06-25 12:16:20.875000000,-40.0,-7.0,50.0,76.13875,-14.31,11.773355,32.18
2021-06-25 12:16:20.882812500,-40.25,-7.0,50.0,76.15070312499999,-15.945,11.7736753125,32.18
2021-06-25 12:16:20.890625000,-40.5,-7.0,50.0,76.16265625,-17.58,11.773995625000001,32.18
2021-06-25 12:16:20.898437500,-40.75,-7.0,50.0,76.174609375,-19.509999999999998,11.7743159375,32.18
2021-06-25 12:16:20.906250000,-41.0,-7.0,50.0,76.1865625,-21.44,11.77463625,32.18
2021-06-25 12:16:20.914062500,-40.75,-7.0,50.0,76.198515625,-23.485,11.7749565625,32.18
2021-06-25 12:16:20.921875000,-40.5,-7.0,50.0,76.21046875,-25.53,11.775276875,32.18
2021-06-25 12:16:20.929687500,-40.25,-7.0,50.0,76.222421875,-27.35,11.7755971875,32.18
2021-06-25 12:16:20.937500000,-40.0,-7.0,50.0,76.234375,-29.17,11.7759175,32.18
2021-06-25 12:16:20.945312500,-40.0,-7.0,50.0,76.246328125,-30.32,11.7762378125,32.18
2021-06-25 12:16:20.953125000,-40.0,-7.0,50.0,76.25828125,-31.47,11.776558125000001,32.18
2021-06-25 12:16:20.960937500,-40.0,-7.0,50.0,76.270234375,-31.59,11.7768784375,32.18
2021-06-25 12:16:20.968750000,-40.0,-7.0,50.0,76.28218749999999,-31.71,11.77719875,32.18
2021-06-25 12:16:20.976562500,-40.25,-7.0,50.0,76.294140625,-30.625,11.7775190625,32.18
2021-06-25 12:16:20.984375000,-40.5,-7.0,50.0,76.30609375,-29.54,11.777839375,32.18
2021-06-25 12:16:20.992187500,-40.75,-7.0,50.0,76.318046875,-27.405,11.7781596875,32.18
2021-06-25 12:16:21.000000000,-41.0,-7.0,50.0,76.33,-25.27,11.77848,32.18
2021-06-25 12:16:21.007812500,-41.0,-7.0,50.0,76.3475,-22.43,11.77884028125,32.1809375
2021-06-25 12:16:21.015625000,-41.0,-7.0,50.0,76.365,-19.59,11.7792005625,32.181875
2021-06-25 12:16:21.023437500,-41.0,-7.0,50.0,76.3825,-16.535,11.77956084375,32.1828125
2021-06-25 12:16:21.031250000,-41.0,-7.0,50.0,76.39999999999999,-13.48,11.779921125,32.18375
2021-06-25 12:16:21.039062500,-40.75,-7.0,50.0,76.4175,-10.61,11.78028140625,32.1846875
2021-06-25 12:16:21.046875000,-40.5,-7.0,50.0,76.435,-7.74,11.7806416875,32.185625
2021-06-25 12:16:21.054687500,-40.25,-7.0,50.0,76.4525,-5.255,11.78100196875,32.1865625
2021-06-25 12:16:21.062500000,-40.0,-7.0,50.0,76.47,-2.77,11.78136225,32.1875
2021-06-25 12:16:21.070312500,-40.0,-7.0,50.0,76.4875,-0.71,11.78172253125,32.1884375
2021-06-25 12:16:21.078125000,-40.0,-7.0,50.0,76.505,1.35,11.7820828125,32.189375
2021-06-25 12:16:21.085937500,-40.0,-7.0,50.0,76.5225,3.0599999999999996,11.78244309375,32.1903125
2021-06-25 12:16:21.093750000,-40.0,-7.0,50.0,76.53999999999999,4.77,11.782803375,32.19125
2021-06-25 12:16:21.101562500,-40.0,-7.0,50.0,76.5575,6.205,11.78316365625,32.1921875
2021-06-25 12:16:21.109375000,-40.0,-7.0,50.0,76.575,7.64,11.7835239375,32.193125
2021-06-25 12:16:21.117187500,-40.0,-7.0,50.0,76.5925,8.785,11.78388421875,32.1940625
2021-06-25 12:16:21.125000000,-40.0,-7.0,50.0,76.61,9.93,11.7842445,32.195
2021-06-25 12:16:21.132812500,-40.0,-7.0,50.0,76.6275,10.715,11.78460478125,32.1959375
2021-06-25 12:16:21.140625000,-40.0,-7.0,50.0,76.645,11.5,11.7849650625,32.196875
2021-06-25 12:16:21.148437500,-40.0,-7.0,50.0,76.6625,11.9,11.78532534375,32.1978125
2021-06-25 12:16:21.156250000,-40.0,-7.0,50.0,76.67999999999999,12.3,11.785685625,32.198750000000004
2021-06-25 12:16:21.164062500,-40.0,-7.0,50.0,76.69749999999999,12.350000000000001,11.78604590625,32.1996875
2021-06-25 12:16:21.171875000,-40.0,-7.0,50.0,76.715,12.4,11.786406187499999,32.200625
2021-06-25 12:16:21.179687500,-40.0,-7.0,50.0,76.7325,12.26,11.786766468749999,32.2015625
2021-06-25 12:16:21.187500000,-40.0,-7.0,50.0,76.75,12.12,11.787126749999999,32.2025
2021-06-25 12:16:21.195312500,-40.0,-7.0,50.0,76.7675,12.004999999999999,11.78748703125,32.2034375
2021-06-25 12:16:21.203125000,-40.0,-7.0,50.0,76.785,11.89,11.7878473125,32.204375
2021-06-25 12:16:21.210937500,-40.0,-7.0,50.0,76.8025,11.975000000000001,11.78820759375,32.2053125
2021-06-25 12:16:21.218750000,-40.0,-7.0,50.0,76.82,12.06,11.788567875,32.20625
2021-06-25 12:16:21.226562500,-40.25,-7.0,50.0,76.83749999999999,12.415,11.78892815625,32.2071875
2021-06-25 12:16:21.234375000,-40.5,-7.0,50.0,76.855,12.77,11.7892884375,32.208125
2021-06-25 12:16:21.242187500,-40.75,-7.0,50.0,76.8725,13.325,11.78964871875,32.2090625
2021-06-25 12:16:21.250000000,-41.0,-7.0,50.0,76.89,13.88,11.790009,32.21
2021-06-25 12:16:21.257812500,-40.75,-7.0,50.0,76.9075,14.495000000000001,11.79060953125,32.21
2021-06-25 12:16:21.265625000,-40.5,-7.0,50.0,76.925,15.11,11.7912100625,32.21
2021-06-25 12:16:21.273437500,-40.25,-7.0,50.0,76.9425,15.629999999999999,11.79181059375,32.21
2021-06-25 12:16:21.281250000,-40.0,-7.0,50.0,76.96,16.15,11.792411125,32.21
2021-06-25 12:16:21.289062500,-40.0,-7.0,50.0,76.97749999999999,16.479999999999997,11.79301165625,32.21
2021-06-25 12:16:21.296875000,-40.0,-7.0,50.0,76.99499999999999,16.81,11.793612187499999,32.21
2021-06-25 12:16:21.304687500,-40.0,-7.0,50.0,77.0125,16.93,11.79421271875,32.21
2021-06-25 12:16:21.312500000,-40.0,-7.0,50.0,77.03,17.05,11.79481325,32.21
2021-06-25 12:16:21.320312500,-40.0,-7.0,50.0,77.0475,16.985,11.79541378125,32.21
2021-06-25 12:16:21.328125000,-40.0,-7.0,50.0,77.065,16.92,11.7960143125,32.21
2021-06-25 12:16:21.335937500,-40.0,-7.0,50.0,77.0825,16.695,11.79661484375,32.21
2021-06-25 12:16:21.343750000,-40.0,-7.0,50.0,77.1,16.47,11.797215375,32.21
2021-06-25 12:16:21.351562500,-40.0,-7.0,50.0,77.11749999999999,16.06,11.79781590625,32.21
2021-06-25 12:16:21.359375000,-40.0,-7.0,50.0,77.13499999999999,15.65,11.7984164375,32.21
2021-06-25 12:16:21.367187500,-40.0,-7.0,50.0,77.1525,15.01,11.79901696875,32.21
2021-06-25 12:16:21.375000000,-40.0,-7.0,50.0,77.17,14.37,11.7996175,32.21
2021-06-25 12:16:21.382812500,-40.0,-7.0,50.0,77.1875,13.475,11.800218031250001,32.21
2021-06-25 12:16:21.390625000,-40.0,-7.0,50.0,77.205,12.58,11.8008185625,32.21
2021-06-25 12:16:21.398437500,-40.0,-7.0,50.0,77.2225,11.45,11.80141909375,32.21
2021-06-25 12:16:21.406250000,-40.0,-7.0,50.0,77.24,10.32,11.802019625,32.21
2021-06-25 12:16:21.414062500,-40.0,-7.0,50.0,77.2575,9.02,11.80262015625,32.21
2021-06-25 12:16:21.421875000,-40.0,-7.0,50.0,77.27499999999999,7.72,11.8032206875,32.21
2021-06-25 12:16:21.429687500,-40.0,-7.0,50.0,77.29249999999999,6.369999999999999,11.80382121875,32.21
2021-06-25 12:16:21.437500000,-40.0,-7.0,50.0,77.31,5.02,11.80442175,32.21
2021-06-25 12:16:21.445312500,-40.0,-7.0,49.75,77.3275,3.6899999999999995,11.80502228125,32.21
2021-06-25 12:16:21.453125000,-40.0,-7.0,49.5,77.345,2.36,11.805622812500001,32.21
2021-06-25 12:16:21.460937500,-40.0,-7.0,49.25,77.3625,1.065,11.80622334375,32.21
2021-06-25 12:16:21.468750000,-40.0,-7.0,49.0,77.38,-0.23,11.806823875000001,32.21
